Year,Category,CategorySort,Sales,UTOP
FY2021,Powdered & liquid beverages,1,23975.0,5631.0
FY2022,Powdered & liquid beverages,1,25218.0,5593.0
FY2023,Powdered & liquid beverages,1,24786.0,5130.0
FY2024,Powdered & liquid beverages,1,24598.0,4920.0
FY2021,Water,2,4040.0,364.0
FY2022,Water,2,3536.0,277.0
FY2023,Water,2,3320.0,351.0
FY2024,Water,2,3180.0,297.0
FY2021,Milk products & ice cream,3,10700.0,2707.0
FY2022,Milk products & ice cream,3,11289.0,2568.0
FY2023,Milk products & ice cream,3,10981.0,2688.0
FY2024,Milk products & ice cream,3,10397.0,2442.0
FY2021,Nutrition & Health Science,4,13157.0,2307.0
FY2022,Nutrition & Health Science,4,15678.0,2990.0
FY2023,Nutrition & Health Science,4,15278.0,2831.0
FY2024,Nutrition & Health Science,4,15137.0,3006.0
FY2021,Prepared dishes & cooking aids,5,12146.0,2040.0
FY2022,Prepared dishes & cooking aids,5,12484.0,2038.0
FY2023,Prepared dishes & cooking aids,5,11666.0,2136.0
FY2024,Prepared dishes & cooking aids,5,10711.0,2137.0
FY2021,Confectionery,6,7514.0,1205.0
FY2022,Confectionery,6,8118.0,1364.0
FY2023,Confectionery,6,8107.0,1364.0
FY2024,Confectionery,6,8449.0,1299.0
FY2021,PetCare,7,15556.0,3282.0
FY2022,PetCare,7,18101.0,3706.0
FY2023,PetCare,7,18860.0,3912.0
FY2024,PetCare,7,18882.0,4087.0
